RTO2025_V1_00,RTO2025_V1_00_NAME,RTO2025_V1_00_NAME_ASCII,RTO_Label_2025,RTO_Label_2025_ASCII,Shape_Length
1,Northland,Northland,Northland Inc,Northland Inc,1654162.758
2,Auckland,Auckland,Tātaki Auckland Unlimited,Tataki Auckland Unlimited,660989.3385
3,Waikato,Waikato,Hamilton & Waikato Tourism,Hamilton & Waikato Tourism,599717.5224
4,South Waikato,South Waikato,null,null,240604.0803
5,Ōtorohanga,Otorohanga,null,null,332799.6747
6,Waitomo,Waitomo,null,null,389446.1666
7,Coromandel,Coromandel,Destination Hauraki Coromandel,Destination Hauraki Coromandel,784987.8344
8,Coastal Bay of Plenty,Coastal Bay of Plenty,Tourism Bay of Plenty,Tourism Bay of Plenty,295366.0583
9,Whakatane,Whakatane,null,null,404705.8422
10,Kawerau,Kawerau,null,null,33678.93087
11,Rotorua,Rotorua,RotoruaNZ,RotoruaNZ,279115.6216
12,Taupō,Taupo,Destination Great Lake Taupō,Destination Great Lake Taupo,492417.9636
13,Gisborne,Gisborne,Trust Tairāwhiti,Trust Tairawhiti,694569.1085
14,Hawke's Bay,Hawke's Bay,Hawke's Bay Tourism,Hawke's Bay Tourism,951677.0848
15,Ruapehu,Ruapehu,Visit Ruapehu,Visit Ruapehu,646169.2537
16,Taranaki,Taranaki,Venture Taranaki,Venture Taranaki,566804.4028
17,Whanganui,Whanganui,Whanganui & Partners,Whanganui & Partners,427111.9422
18,Rangitīkei,Rangitikei,null,null,642350.3116
19,Manawatū,Manawatu,Central Economic Development Agency (CEDA),Central Economic Development Agency (CEDA),344375.3906
20,Tararua,Tararua,null,null,421836.0978
21,Wairarapa,Wairarapa,Destination Wairarapa,Destination Wairarapa,455606.5185
22,Horowhenua,Horowhenua,null,null,161993.2029
23,Wellington,Wellington,WellingtonNZ,WellingtonNZ,411481.2455
24,Marlborough,Marlborough,Destination Marlborough,Destination Marlborough,694475.4738
25,Nelson Tasman,Nelson Tasman,Nelson Regional Development Agency (NRDA),Nelson Regional Development Agency (NRDA),852884.6289
26,West Coast,West Coast,Development West Coast,Development West Coast,1602453.666
27,Kaikōura,Kaikoura,Destination Kaikōura,Destination Kaikoura,313732.1694
28,Hurunui,Hurunui,Visit Hurunui,Visit Hurunui,579532.6947
29,Canterbury,Canterbury,ChristchurchNZ,ChristchurchNZ,806407.0377
30,Timaru,Timaru,Venture Timaru,Venture Timaru,444070.0644
31,Mackenzie,Mackenzie,Mackenzie Tourism,Mackenzie Tourism,539591.1605
32,Waimate,Waimate,null,null,287977.1671
33,Waitaki,Waitaki,Tourism Waitaki,Tourism Waitaki,737025.8952
34,Central Otago,Central Otago,Tourism Central Otago,Tourism Central Otago,633679.9335
35,Wānaka,Wanaka,Lake Wānaka Tourism,Lake Wanaka Tourism,410029.6695
36,Queenstown,Queenstown,Destination Queenstown,Destination Queenstown,410281.9309
37,Dunedin,Dunedin,Enterprise Dunedin,Enterprise Dunedin,437664.3656
38,Clutha,Clutha,Clutha Development,Clutha Development,586712.5515
39,Southland,Southland,Visit Southland,Visit Southland,1941631.244
40,Fiordland,Fiordland,Visit Fiordland,Visit Fiordland,877169.2222
99,Area Outside RTO,Area Outside RTO,Area Outside RTO,Area Outside RTO,14053586.06